"filename", "language", "Dart", "comment", "blank", "total"
"c:\Users\atlas\Documents\Flutter Projects\proj\lib\global\binding\app_binding.dart", "Dart", 8, 1, 2, 11
"c:\Users\atlas\Documents\Flutter Projects\proj\lib\global\core\api\api_errors.dart", "Dart", 29, 0, 9, 38
"c:\Users\atlas\Documents\Flutter Projects\proj\lib\global\core\api\dio_crud.dart", "Dart", 91, 3, 5, 99
"c:\Users\atlas\Documents\Flutter Projects\proj\lib\global\core\api\dio_exceptions.dart", "Dart", 49, 6, 6, 61
"c:\Users\atlas\Documents\Flutter Projects\proj\lib\global\core\api\status_request.dart", "Dart", 10, 1, 1, 12
"c:\Users\atlas\Documents\Flutter Projects\proj\lib\global\core\class\app_toast.dart", "Dart", 25, 0, 3, 28
"c:\Users\atlas\Documents\Flutter Projects\proj\lib\global\core\functions\check_internet_connection.dart", "Dart", 12, 1, 1, 14
"c:\Users\atlas\Documents\Flutter Projects\proj\lib\global\core\functions\validation.dart", "Dart", 38, 0, 3, 41
"c:\Users\atlas\Documents\Flutter Projects\proj\lib\global\core\services\services.dart", "Dart", 19, 6, 3, 28
"c:\Users\atlas\Documents\Flutter Projects\proj\lib\local\core\api\api_links.dart", "Dart", 25, 5, 3, 33
"c:\Users\atlas\Documents\Flutter Projects\proj\lib\local\core\class\custom_icons.dart", "Dart", 18, 17, 4, 39
"c:\Users\atlas\Documents\Flutter Projects\proj\lib\local\core\class\hive_box.dart", "Dart", 3, 1, 1, 5
"c:\Users\atlas\Documents\Flutter Projects\proj\lib\local\core\class\hive_keys.dart", "Dart", 4, 1, 1, 6
"c:\Users\atlas\Documents\Flutter Projects\proj\lib\local\core\constant\app_size.dart", "Dart", 12, 0, 4, 16
"c:\Users\atlas\Documents\Flutter Projects\proj\lib\local\core\constant\app_statics.dart", "Dart", 79, 0, 2, 81
"c:\Users\atlas\Documents\Flutter Projects\proj\lib\local\core\constant\arguments_names.dart", "Dart", 5, 0, 1, 6
"c:\Users\atlas\Documents\Flutter Projects\proj\lib\local\core\constant\colors.dart", "Dart", 22, 5, 2, 29
"c:\Users\atlas\Documents\Flutter Projects\proj\lib\local\core\constant\custom_icons.dart", "Dart", 8, 0, 4, 12
"c:\Users\atlas\Documents\Flutter Projects\proj\lib\local\core\constant\images.dart", "Dart", 9, 0, 1, 10
"c:\Users\atlas\Documents\Flutter Projects\proj\lib\local\core\constant\text_styles.dart", "Dart", 32, 2, 5, 39
"c:\Users\atlas\Documents\Flutter Projects\proj\lib\local\core\functions\close_key_board.dart", "Dart", 4, 0, 1, 5
"c:\Users\atlas\Documents\Flutter Projects\proj\lib\local\core\functions\convert_to_arabic_number.dart", "Dart", 13, 0, 1, 14
"c:\Users\atlas\Documents\Flutter Projects\proj\lib\local\core\functions\language\left_right_lang_align.dart", "Dart", 4, 0, 2, 6
"c:\Users\atlas\Documents\Flutter Projects\proj\lib\local\core\functions\language\left_right_lang_pad.dart", "Dart", 22, 0, 2, 24
"c:\Users\atlas\Documents\Flutter Projects\proj\lib\local\core\language\ar_en_text.dart", "Dart", 20, 2, 1, 23
"c:\Users\atlas\Documents\Flutter Projects\proj\lib\local\core\middleware\middleware.dart", "Dart", 22, 0, 2, 24
"c:\Users\atlas\Documents\Flutter Projects\proj\lib\local\core\routes\routes.dart", "Dart", 114, 0, 3, 117
"c:\Users\atlas\Documents\Flutter Projects\proj\lib\local\core\themes\dark\dark_theme_text.dart", "Dart", 23, 0, 4, 27
"c:\Users\atlas\Documents\Flutter Projects\proj\lib\local\core\themes\light\light_theme_text.dart", "Dart", 23, 0, 4, 27
"c:\Users\atlas\Documents\Flutter Projects\proj\lib\local\core\themes\theme.dart", "Dart", 65, 2, 3, 70
"c:\Users\atlas\Documents\Flutter Projects\proj\lib\local\modules\OnBoarding\controller\on_boarding_controller.dart", "Dart", 44, 0, 6, 50
"c:\Users\atlas\Documents\Flutter Projects\proj\lib\local\modules\OnBoarding\view\pages\OnBoarding.dart", "Dart", 79, 0, 4, 83
"c:\Users\atlas\Documents\Flutter Projects\proj\lib\local\modules\account\controller\account_controller.dart", "Dart", 28, 0, 3, 31
"c:\Users\atlas\Documents\Flutter Projects\proj\lib\local\modules\account\controller\account_web_view_controller.dart", "Dart", 57, 0, 10, 67
"c:\Users\atlas\Documents\Flutter Projects\proj\lib\local\modules\account\controller\edit_account_controller.dart", "Dart", 16, 0, 3, 19
"c:\Users\atlas\Documents\Flutter Projects\proj\lib\local\modules\account\controller\tickets_page_controller.dart", "Dart", 49, 0, 5, 54
"c:\Users\atlas\Documents\Flutter Projects\proj\lib\local\modules\account\data\account_view_data.dart", "Dart", 44, 0, 2, 46
"c:\Users\atlas\Documents\Flutter Projects\proj\lib\local\modules\account\model\account_pages_model.dart", "Dart", 9, 0, 2, 11
"c:\Users\atlas\Documents\Flutter Projects\proj\lib\local\modules\account\model\enums\account_image_state.dart", "Dart", 1, 0, 1, 2
"c:\Users\atlas\Documents\Flutter Projects\proj\lib\local\modules\account\model\tickets_model.dart", "Dart", 11, 0, 2, 13
"c:\Users\atlas\Documents\Flutter Projects\proj\lib\local\modules\account\view\pages\account_page.dart", "Dart", 53, 0, 3, 56
"c:\Users\atlas\Documents\Flutter Projects\proj\lib\local\modules\account\view\pages\add_ticket_page.dart", "Dart", 128, 0, 3, 131
"c:\Users\atlas\Documents\Flutter Projects\proj\lib\local\modules\account\view\pages\edit_account_page.dart", "Dart", 113, 0, 3, 116
"c:\Users\atlas\Documents\Flutter Projects\proj\lib\local\modules\account\view\pages\in_app_web_view_page.dart", "Dart", 67, 2, 5, 74
"c:\Users\atlas\Documents\Flutter Projects\proj\lib\local\modules\account\view\pages\tickets_page.dart", "Dart", 102, 0, 3, 105
"c:\Users\atlas\Documents\Flutter Projects\proj\lib\local\modules\account\view\widgets\account_card.dart", "Dart", 74, 0, 2, 76
"c:\Users\atlas\Documents\Flutter Projects\proj\lib\local\modules\account\view\widgets\account_image_view.dart", "Dart", 108, 0, 4, 112
"c:\Users\atlas\Documents\Flutter Projects\proj\lib\local\modules\account\view\widgets\custom_table_row.dart", "Dart", 47, 0, 2, 49
"c:\Users\atlas\Documents\Flutter Projects\proj\lib\local\modules\account\view\widgets\custom_table_widget.dart", "Dart", 55, 0, 3, 58
"c:\Users\atlas\Documents\Flutter Projects\proj\lib\local\modules\auth\login\controller\login_controller.dart", "Dart", 35, 151, 10, 196
"c:\Users\atlas\Documents\Flutter Projects\proj\lib\local\modules\auth\login\view\pages\forgot_pas_email_page.dart", "Dart", 83, 0, 3, 86
"c:\Users\atlas\Documents\Flutter Projects\proj\lib\local\modules\auth\login\view\pages\login_page.dart", "Dart", 123, 0, 3, 126
"c:\Users\atlas\Documents\Flutter Projects\proj\lib\local\modules\auth\login\view\pages\reset_password_page.dart", "Dart", 80, 0, 3, 83
"c:\Users\atlas\Documents\Flutter Projects\proj\lib\local\modules\auth\shared\model\forms_data_model.dart", "Dart", 10, 0, 2, 12
"c:\Users\atlas\Documents\Flutter Projects\proj\lib\local\modules\auth\shared\pages\otp_page.dart", "Dart", 90, 0, 2, 92
"c:\Users\atlas\Documents\Flutter Projects\proj\lib\local\modules\auth\signup\controller\sign_up_controller.dart", "Dart", 46, 0, 3, 49
"c:\Users\atlas\Documents\Flutter Projects\proj\lib\local\modules\auth\signup\view\pages\sign_up.dart", "Dart", 84, 0, 3, 87
"c:\Users\atlas\Documents\Flutter Projects\proj\lib\local\modules\carsdetails\controller\car_details_controller.dart", "Dart", 163, 0, 8, 171
"c:\Users\atlas\Documents\Flutter Projects\proj\lib\local\modules\carsdetails\model\details_titles_model.dart", "Dart", 13, 0, 2, 15
"c:\Users\atlas\Documents\Flutter Projects\proj\lib\local\modules\carsdetails\view\pages\car_details.dart", "Dart", 117, 0, 3, 120
"c:\Users\atlas\Documents\Flutter Projects\proj\lib\local\modules\carsdetails\view\shared\car_Cards.dart", "Dart", 154, 0, 3, 157
"c:\Users\atlas\Documents\Flutter Projects\proj\lib\local\modules\carsdetails\view\widgets\car_description.dart", "Dart", 106, 0, 3, 109
"c:\Users\atlas\Documents\Flutter Projects\proj\lib\local\modules\carsdetails\view\widgets\car_forms.dart", "Dart", 92, 0, 3, 95
"c:\Users\atlas\Documents\Flutter Projects\proj\lib\local\modules\carsdetails\view\widgets\car_sub_details.dart", "Dart", 83, 0, 3, 86
"c:\Users\atlas\Documents\Flutter Projects\proj\lib\local\modules\carsdetails\view\widgets\details_images_slider.dart", "Dart", 31, 0, 3, 34
"c:\Users\atlas\Documents\Flutter Projects\proj\lib\local\modules\carsdetails\view\widgets\details_selectable_slider.dart", "Dart", 34, 0, 3, 37
"c:\Users\atlas\Documents\Flutter Projects\proj\lib\local\modules\carsdetails\view\widgets\floating_action_dial.dart", "Dart", 59, 0, 3, 62
"c:\Users\atlas\Documents\Flutter Projects\proj\lib\local\modules\carsdetails\view\widgets\icon_title_row.dart", "Dart", 33, 0, 3, 36
"c:\Users\atlas\Documents\Flutter Projects\proj\lib\local\modules\carspage\controller\cars_page_controller.dart", "Dart", 241, 0, 16, 257
"c:\Users\atlas\Documents\Flutter Projects\proj\lib\local\modules\carspage\controller\seller_page_controller.dart", "Dart", 55, 0, 4, 59
"c:\Users\atlas\Documents\Flutter Projects\proj\lib\local\modules\carspage\data\enums\filter_value_types.dart", "Dart", 1, 0, 1, 2
"c:\Users\atlas\Documents\Flutter Projects\proj\lib\local\modules\carspage\model\brand_filter_model.dart", "Dart", 5, 0, 2, 7
"c:\Users\atlas\Documents\Flutter Projects\proj\lib\local\modules\carspage\model\filter_model.dart", "Dart", 9, 0, 2, 11
"c:\Users\atlas\Documents\Flutter Projects\proj\lib\local\modules\carspage\model\filter_values_model.dart", "Dart", 11, 0, 2, 13
"c:\Users\atlas\Documents\Flutter Projects\proj\lib\local\modules\carspage\view\pages\cars_page.dart", "Dart", 119, 0, 4, 123
"c:\Users\atlas\Documents\Flutter Projects\proj\lib\local\modules\carspage\view\pages\seller_cars_page.dart", "Dart", 68, 0, 3, 71
"c:\Users\atlas\Documents\Flutter Projects\proj\lib\local\modules\carspage\view\widgets\brand_grid_view_filter.dart", "Dart", 42, 0, 3, 45
"c:\Users\atlas\Documents\Flutter Projects\proj\lib\local\modules\carspage\view\widgets\custom_fix_tab_bar_item.dart", "Dart", 42, 1, 2, 45
"c:\Users\atlas\Documents\Flutter Projects\proj\lib\local\modules\carspage\view\widgets\custom_text_row.dart", "Dart", 33, 0, 2, 35
"c:\Users\atlas\Documents\Flutter Projects\proj\lib\local\modules\carspage\view\widgets\filter_dialog.dart", "Dart", 110, 0, 3, 113
"c:\Users\atlas\Documents\Flutter Projects\proj\lib\local\modules\carspage\view\widgets\filter_form_column.dart", "Dart", 44, 0, 2, 46
"c:\Users\atlas\Documents\Flutter Projects\proj\lib\local\modules\carspage\view\widgets\filter_list_view.dart", "Dart", 79, 0, 3, 82
"c:\Users\atlas\Documents\Flutter Projects\proj\lib\local\modules\carspage\view\widgets\filters_view.dart", "Dart", 86, 0, 3, 89
"c:\Users\atlas\Documents\Flutter Projects\proj\lib\local\modules\carspage\view\widgets\seller_data_view.dart", "Dart", 70, 0, 4, 74
"c:\Users\atlas\Documents\Flutter Projects\proj\lib\local\modules\favoritepage\controller\favorite_Page_controller.dart", "Dart", 72, 0, 5, 77
"c:\Users\atlas\Documents\Flutter Projects\proj\lib\local\modules\favoritepage\model\filtered_cars_model.dart", "Dart", 11, 0, 3, 14
"c:\Users\atlas\Documents\Flutter Projects\proj\lib\local\modules\favoritepage\view\pages\favorite_page.dart", "Dart", 137, 1, 3, 141
"c:\Users\atlas\Documents\Flutter Projects\proj\lib\local\modules\home\controller\main_page_controller.dart", "Dart", 273, 0, 21, 294
"c:\Users\atlas\Documents\Flutter Projects\proj\lib\local\modules\home\model\al_qassem_socials_model.dart", "Dart", 6, 0, 3, 9
"c:\Users\atlas\Documents\Flutter Projects\proj\lib\local\modules\home\model\bottom_nav_bar_model.dart", "Dart", 6, 0, 3, 9
"c:\Users\atlas\Documents\Flutter Projects\proj\lib\local\modules\home\model\drawer_model.dart", "Dart", 13, 0, 1, 14
"c:\Users\atlas\Documents\Flutter Projects\proj\lib\local\modules\home\model\home_services_model.dart", "Dart", 8, 0, 3, 11
"c:\Users\atlas\Documents\Flutter Projects\proj\lib\local\modules\home\view\pages\home_page.dart", "Dart", 110, 0, 3, 113
"c:\Users\atlas\Documents\Flutter Projects\proj\lib\local\modules\home\view\pages\main_page.dart", "Dart", 30, 0, 3, 33
"c:\Users\atlas\Documents\Flutter Projects\proj\lib\local\modules\home\view\widgets\al_qassim_logo_card.dart", "Dart", 22, 0, 3, 25
"c:\Users\atlas\Documents\Flutter Projects\proj\lib\local\modules\home\view\widgets\animated_car.dart", "Dart", 28, 1, 3, 32
"c:\Users\atlas\Documents\Flutter Projects\proj\lib\local\modules\home\view\widgets\cat_container.dart", "Dart", 55, 0, 2, 57
"c:\Users\atlas\Documents\Flutter Projects\proj\lib\local\modules\home\view\widgets\grid_car_card.dart", "Dart", 154, 0, 2, 156
"c:\Users\atlas\Documents\Flutter Projects\proj\lib\local\modules\home\view\widgets\home_app_bar.dart", "Dart", 23, 0, 2, 25
"c:\Users\atlas\Documents\Flutter Projects\proj\lib\local\modules\home\view\widgets\home_categories_view.dart", "Dart", 63, 1, 4, 68
"c:\Users\atlas\Documents\Flutter Projects\proj\lib\local\modules\home\view\widgets\home_drawer.dart", "Dart", 179, 0, 4, 183
"c:\Users\atlas\Documents\Flutter Projects\proj\lib\local\modules\home\view\widgets\home_slider.dart", "Dart", 38, 0, 3, 41
"c:\Users\atlas\Documents\Flutter Projects\proj\lib\local\modules\home\view\widgets\home_title.dart", "Dart", 18, 0, 2, 20
"c:\Users\atlas\Documents\Flutter Projects\proj\lib\local\modules\home\view\widgets\services_drawer_row.dart", "Dart", 59, 0, 2, 61
"c:\Users\atlas\Documents\Flutter Projects\proj\lib\local\modules\home\view\widgets\services_list_view.dart", "Dart", 60, 0, 3, 63
"c:\Users\atlas\Documents\Flutter Projects\proj\lib\local\modules\home\view\widgets\social_button.dart", "Dart", 30, 0, 2, 32
"c:\Users\atlas\Documents\Flutter Projects\proj\lib\local\view\shared\app_bottom_nav_bar.dart", "Dart", 55, 0, 3, 58
"c:\Users\atlas\Documents\Flutter Projects\proj\lib\local\view\shared\car_sliver_app_bar.dart", "Dart", 38, 0, 2, 40
"c:\Users\atlas\Documents\Flutter Projects\proj\lib\local\view\shared\handiling_data_widget.dart", "Dart", 43, 3, 3, 49
"c:\Users\atlas\Documents\Flutter Projects\proj\lib\local\view\widgets\app_bar\custom_app_bar.dart", "Dart", 32, 0, 2, 34
"c:\Users\atlas\Documents\Flutter Projects\proj\lib\local\view\widgets\buttons\button_with_icon.dart", "Dart", 88, 0, 3, 91
"c:\Users\atlas\Documents\Flutter Projects\proj\lib\local\view\widgets\buttons\custom_back_button.dart", "Dart", 22, 0, 2, 24
"c:\Users\atlas\Documents\Flutter Projects\proj\lib\local\view\widgets\buttons\custom_button.dart", "Dart", 63, 3, 2, 68
"c:\Users\atlas\Documents\Flutter Projects\proj\lib\local\view\widgets\buttons\custom_delete_button.dart", "Dart", 0, 43, 2, 45
"c:\Users\atlas\Documents\Flutter Projects\proj\lib\local\view\widgets\dividers\custom_horizontal_divider.dart", "Dart", 26, 0, 3, 29
"c:\Users\atlas\Documents\Flutter Projects\proj\lib\local\view\widgets\dividers\custom_vertical_divider.dart", "Dart", 26, 0, 2, 28
"c:\Users\atlas\Documents\Flutter Projects\proj\lib\local\view\widgets\fields\custom_text_form_field.dart", "Dart", 124, 0, 2, 126
"c:\Users\atlas\Documents\Flutter Projects\proj\lib\local\view\widgets\fields\search_text_field.dart", "Dart", 97, 0, 3, 100
"c:\Users\atlas\Documents\Flutter Projects\proj\lib\local\view\widgets\pop_up\custom_bottom_sheet.dart", "Dart", 16, 0, 2, 18
"c:\Users\atlas\Documents\Flutter Projects\proj\lib\local\view\widgets\pop_up\custom_dialog.dart", "Dart", 0, 36, 3, 39
"c:\Users\atlas\Documents\Flutter Projects\proj\lib\main.dart", "Dart", 36, 0, 4, 40
"d:\Flutter\Flutter Projects    (Magd)\proj\lib\controllers\car_details_controller.dart", "Dart", -75, 0, -4, -79
"d:\Flutter\Flutter Projects    (Magd)\proj\lib\controllers\sign_up_controller.dart", "Dart", -43, 0, -3, -46
"d:\Flutter\Flutter Projects    (Magd)\proj\lib\global\binding\app_binding.dart", "Dart", -8, -1, -2, -11
"d:\Flutter\Flutter Projects    (Magd)\proj\lib\global\core\api\api_errors.dart", "Dart", -29, 0, -9, -38
"d:\Flutter\Flutter Projects    (Magd)\proj\lib\global\core\api\dio_crud.dart", "Dart", -91, -3, -5, -99
"d:\Flutter\Flutter Projects    (Magd)\proj\lib\global\core\api\dio_exceptions.dart", "Dart", -49, -6, -6, -61
"d:\Flutter\Flutter Projects    (Magd)\proj\lib\global\core\api\status_request.dart", "Dart", -10, -1, -1, -12
"d:\Flutter\Flutter Projects    (Magd)\proj\lib\global\core\class\app_toast.dart", "Dart", -25, 0, -3, -28
"d:\Flutter\Flutter Projects    (Magd)\proj\lib\global\core\functions\check_internet_connection.dart", "Dart", -12, -1, -1, -14
"d:\Flutter\Flutter Projects    (Magd)\proj\lib\global\core\functions\validation.dart", "Dart", -38, 0, -3, -41
"d:\Flutter\Flutter Projects    (Magd)\proj\lib\global\core\services\services.dart", "Dart", -19, -6, -3, -28
"d:\Flutter\Flutter Projects    (Magd)\proj\lib\local\core\api\api_links.dart", "Dart", -25, -5, -3, -33
"d:\Flutter\Flutter Projects    (Magd)\proj\lib\local\core\class\custom_icons.dart", "Dart", -18, -18, -4, -40
"d:\Flutter\Flutter Projects    (Magd)\proj\lib\local\core\class\hive_box.dart", "Dart", -3, -1, -1, -5
"d:\Flutter\Flutter Projects    (Magd)\proj\lib\local\core\class\hive_keys.dart", "Dart", -4, -1, -1, -6
"d:\Flutter\Flutter Projects    (Magd)\proj\lib\local\core\constant\app_size.dart", "Dart", -8, 0, -2, -10
"d:\Flutter\Flutter Projects    (Magd)\proj\lib\local\core\constant\app_statics.dart", "Dart", -16, 0, -1, -17
"d:\Flutter\Flutter Projects    (Magd)\proj\lib\local\core\constant\arguments_names.dart", "Dart", -6, 0, -1, -7
"d:\Flutter\Flutter Projects    (Magd)\proj\lib\local\core\constant\colors.dart", "Dart", -19, -5, -2, -26
"d:\Flutter\Flutter Projects    (Magd)\proj\lib\local\core\constant\custom_icons.dart", "Dart", -8, 0, -4, -12
"d:\Flutter\Flutter Projects    (Magd)\proj\lib\local\core\constant\images.dart", "Dart", -3, 0, -1, -4
"d:\Flutter\Flutter Projects    (Magd)\proj\lib\local\core\constant\text_styles.dart", "Dart", -32, -2, -5, -39
"d:\Flutter\Flutter Projects    (Magd)\proj\lib\local\core\functions\close_key_board.dart", "Dart", -4, 0, -1, -5
"d:\Flutter\Flutter Projects    (Magd)\proj\lib\local\core\functions\convert_to_arabic_number.dart", "Dart", -13, 0, -1, -14
"d:\Flutter\Flutter Projects    (Magd)\proj\lib\local\core\functions\left_right_lang_pad.dart", "Dart", -22, 0, -2, -24
"d:\Flutter\Flutter Projects    (Magd)\proj\lib\local\core\functions\lunch_url.dart", "Dart", 0, -13, -4, -17
"d:\Flutter\Flutter Projects    (Magd)\proj\lib\local\core\middleware\middleware.dart", "Dart", -22, 0, -2, -24
"d:\Flutter\Flutter Projects    (Magd)\proj\lib\local\core\routes\routes.dart", "Dart", -44, 0, -3, -47
"d:\Flutter\Flutter Projects    (Magd)\proj\lib\local\core\themes\dark\dark_theme_text.dart", "Dart", -23, 0, -4, -27
"d:\Flutter\Flutter Projects    (Magd)\proj\lib\local\core\themes\light\light_theme_text.dart", "Dart", -23, 0, -4, -27
"d:\Flutter\Flutter Projects    (Magd)\proj\lib\local\core\themes\theme.dart", "Dart", -65, -2, -3, -70
"d:\Flutter\Flutter Projects    (Magd)\proj\lib\local\modules\OnBoarding\controller\on_boarding_controller.dart", "Dart", -44, 0, -6, -50
"d:\Flutter\Flutter Projects    (Magd)\proj\lib\local\modules\OnBoarding\view\pages\OnBoarding.dart", "Dart", -79, 0, -4, -83
"d:\Flutter\Flutter Projects    (Magd)\proj\lib\local\modules\auth\signup\sign_up.dart", "Dart", -110, 0, -3, -113
"d:\Flutter\Flutter Projects    (Magd)\proj\lib\local\modules\carsdetails\view\pages\car_details.dart", "Dart", -338, 0, -3, -341
"d:\Flutter\Flutter Projects    (Magd)\proj\lib\local\modules\carsdetails\view\widgets\car_forms.dart", "Dart", -92, 0, -3, -95
"d:\Flutter\Flutter Projects    (Magd)\proj\lib\local\modules\carsdetails\view\widgets\cat_details_linked_cars.dart", "Dart", -143, 0, -3, -146
"d:\Flutter\Flutter Projects    (Magd)\proj\lib\local\modules\carspage\view\pages\cars_page.dart", "Dart", -8, 0, -3, -11
"d:\Flutter\Flutter Projects    (Magd)\proj\lib\local\modules\favoritepage\favorite_page.dart", "Dart", -8, 0, -3, -11
"d:\Flutter\Flutter Projects    (Magd)\proj\lib\local\modules\home\controller\main_page_controller.dart", "Dart", -141, 0, -11, -152
"d:\Flutter\Flutter Projects    (Magd)\proj\lib\local\modules\home\model\drawer_model.dart", "Dart", -6, 0, -1, -7
"d:\Flutter\Flutter Projects    (Magd)\proj\lib\local\modules\home\view\pages\home_page.dart", "Dart", -105, -1, -4, -110
"d:\Flutter\Flutter Projects    (Magd)\proj\lib\local\modules\home\view\pages\main_page.dart", "Dart", -73, 0, -3, -76
"d:\Flutter\Flutter Projects    (Magd)\proj\lib\local\modules\home\view\widgets\cars_brands.dart", "Dart", -36, 0, -3, -39
"d:\Flutter\Flutter Projects    (Magd)\proj\lib\local\modules\home\view\widgets\cat_container.dart", "Dart", -54, 0, -2, -56
"d:\Flutter\Flutter Projects    (Magd)\proj\lib\local\modules\home\view\widgets\home_app_bar.dart", "Dart", -23, 0, -2, -25
"d:\Flutter\Flutter Projects    (Magd)\proj\lib\local\modules\home\view\widgets\home_drawer.dart", "Dart", -111, 0, -3, -114
"d:\Flutter\Flutter Projects    (Magd)\proj\lib\local\modules\home\view\widgets\home_slider.dart", "Dart", -38, 0, -3, -41
"d:\Flutter\Flutter Projects    (Magd)\proj\lib\local\modules\home\view\widgets\home_title.dart", "Dart", -18, 0, -2, -20
"d:\Flutter\Flutter Projects    (Magd)\proj\lib\local\modules\home\view\widgets\top_car.dart", "Dart", -154, 0, -2, -156
"d:\Flutter\Flutter Projects    (Magd)\proj\lib\local\modules\settings\settings_page.dart", "Dart", -8, 0, -3, -11
"d:\Flutter\Flutter Projects    (Magd)\proj\lib\local\view\shared\handiling_data_widget.dart", "Dart", -43, -3, -3, -49
"d:\Flutter\Flutter Projects    (Magd)\proj\lib\local\view\shared\models\social_media_auth_model.dart", "Dart", -15, 0, -2, -17
"d:\Flutter\Flutter Projects    (Magd)\proj\lib\local\view\widgets\app_bar\custom_app_bar.dart", "Dart", -30, 0, -2, -32
"d:\Flutter\Flutter Projects    (Magd)\proj\lib\local\view\widgets\buttons\custom_back_button.dart", "Dart", -22, 0, -2, -24
"d:\Flutter\Flutter Projects    (Magd)\proj\lib\local\view\widgets\buttons\custom_button.dart", "Dart", -63, -3, -2, -68
"d:\Flutter\Flutter Projects    (Magd)\proj\lib\local\view\widgets\buttons\custom_delete_button.dart", "Dart", 0, -43, -2, -45
"d:\Flutter\Flutter Projects    (Magd)\proj\lib\local\view\widgets\dividers\custom_horizontal_divider.dart", "Dart", -26, 0, -3, -29
"d:\Flutter\Flutter Projects    (Magd)\proj\lib\local\view\widgets\dividers\custom_vertical_divider.dart", "Dart", -26, 0, -2, -28
"d:\Flutter\Flutter Projects    (Magd)\proj\lib\local\view\widgets\fields\custom_text_form_field.dart", "Dart", -98, 0, -3, -101
"d:\Flutter\Flutter Projects    (Magd)\proj\lib\local\view\widgets\pop_up\custom_bottom_sheet.dart", "Dart", -16, 0, -2, -18
"d:\Flutter\Flutter Projects    (Magd)\proj\lib\local\view\widgets\pop_up\custom_dialog.dart", "Dart", 0, -36, -3, -39
"d:\Flutter\Flutter Projects    (Magd)\proj\lib\main.dart", "Dart", -21, 0, -4, -25
"Total", "-", 3699, 144, 204, 4047